player,nation,pos,age,playing_time_min,squad,attack_profile,hidden_gem,high_potential_youth,elite_performer,overall_impact,Finisher_score,Dribbler_score,Playmaker_score,Volume Shooter_score
Simon Adingra,ci CIV,FW,23,273.0,Sunderland,Playmaker,False,False,False,0.0501,-0.1825,0.1604,0.2163,-0.38
Carlos Alcaraz,ar ARG,"MF,FW",22,165.0,Everton,Dribbler,False,True,False,0.0689,0.1944,0.5327,0.3771,0.0567
Elliot Anderson,eng ENG,MF,22,630.0,Nott'ham Forest,Dribbler,False,True,False,0.0836,-0.3452,0.8294,0.8014,-0.06
Yasin Ayari,se SWE,MF,22,544.0,Brighton,Volume Shooter,False,True,False,0.0701,0.6127,-0.1863,-0.0626,0.6167
Dilane Bakwa,fr FRA,"FW,MF",23,174.0,Nott'ham Forest,Finisher,False,False,False,0.0567,0.4325,-0.2606,0.0437,0.0267
Carlos Baleba,cm CMR,MF,21,353.0,Brighton,Dribbler,False,False,False,0.0452,-0.127,0.1511,0.0437,-0.2367
Thierno Barry,fr FRA,FW,22,211.0,Everton,Volume Shooter,False,False,False,0.034,-0.4048,-0.3791,-0.0674,0.08
Lucas Bergvall,se SWE,MF,19,365.0,Tottenham,Finisher,False,True,False,0.0776,0.8333,0.6919,0.2435,-0.08
Oscar Bobb,no NOR,"FW,MF",22,362.0,Manchester City,Playmaker,False,True,True,0.1094,-0.2937,1.2523,1.7541,-0.3233
Lamare Bogarde,nl NED,MF,21,281.0,Aston Villa,Playmaker,False,False,False,0.0213,-0.127,-0.6905,-0.0095,-0.49
Hugo Bueno,es ESP,"DF,MF",23,440.0,Wolves,Dribbler,False,True,False,0.0714,-0.1032,0.6898,0.4326,-0.3533
Moisés Caicedo,ec ECU,MF,23,630.0,Chelsea,Finisher,False,True,False,0.0707,2.3325,-0.0231,-0.0201,-0.11
Fabio Carvalho,pt POR,"FW,MF",23,97.0,Brentford,Finisher,False,True,False,0.0727,1.5198,-0.2617,0.3735,0.13
Liam Delap,eng ENG,FW,22,92.0,Chelsea,Finisher,False,False,False,0.0385,0.5397,-0.1592,-0.1229,0.4867
Justin Devenny,nir NIR,"MF,FW",21,149.0,Crystal Palace,Volume Shooter,False,False,False,0.0614,0.131,0.2723,-0.0118,0.5167
Amad Diallo,ci CIV,"DF,MF",23,447.0,Manchester Utd,Playmaker,False,True,False,0.0934,-0.8611,0.3869,1.7754,0.2467
Habib Diarra,sn SEN,MF,21,345.0,Sunderland,Playmaker,False,False,False,0.0455,-0.3571,-0.4372,0.4693,0.0333
Jeremy Doku,be BEL,"MF,FW",23,388.0,Manchester City,Playmaker,False,True,True,0.1507,-0.1825,2.1016,2.5142,-0.18
Hugo Ekitike,fr FRA,FW,23,382.0,Liverpool,Finisher,False,True,True,0.1196,1.5238,0.9918,0.8771,0.2967
Anthony Elanga,se SWE,"FW,MF",23,329.0,Newcastle Utd,Playmaker,False,False,False,0.0444,-0.3532,-0.243,0.2104,-0.2167
Harvey Elliott,eng ENG,"MF,FW",22,98.0,Aston Villa,Volume Shooter,False,False,False,0.0318,-0.2381,-0.0967,0.2033,0.43
Mateus Fernandes,pt POR,"MF,FW",21,398.0,West Ham,Playmaker,False,False,False,0.0292,-0.1825,-0.3062,-0.0674,-0.34
Tyrique George,eng ENG,FW,19,139.0,Chelsea,Playmaker,False,True,False,0.0708,0.2738,-0.2617,0.5567,-0.06
Jamie Gittens,eng ENG,FW,21,161.0,Chelsea,Volume Shooter,False,False,False,0.0624,0.2619,0.0447,0.266,0.4433
Wilfried Gnonto,it ITA,FW,21,192.0,Leeds United,Volume Shooter,False,False,False,0.0423,-0.2381,-0.4014,0.0993,0.29
Rodrigo Gomes,pt POR,"DF,MF",22,166.0,Wolves,Finisher,True,True,False,0.0774,0.7794,0.0053,0.4326,0.7767
Diego Gómez,py PAR,MF,22,311.0,Brighton,Volume Shooter,False,False,False,0.0523,-0.0079,-0.4361,0.2104,0.4933
Nicolás González,es ESP,MF,23,353.0,Manchester City,Dribbler,False,False,False,0.0555,-0.1825,0.7931,0.1135,-0.2367
Ryan Gravenberch,nl NED,"MF,DF",23,540.0,Liverpool,Finisher,False,True,False,0.0854,1.4722,0.6212,0.3274,0.0667
Brajan Gruda,de GER,"MF,FW",21,223.0,Brighton,Playmaker,True,True,True,0.1135,0.3754,0.3954,1.2754,0.72
Malo Gusto,fr FRA,"DF,MF",22,315.0,Chelsea,Playmaker,False,False,False,0.0215,-0.127,-0.5655,0.0792,-0.3
Jack Hinshelwood,eng ENG,MF,20,107.0,Brighton,Playmaker,False,False,False,0.0129,-0.127,-0.1592,-0.1229,-0.49
Ki-Jana Hoever,nl NED,MF,23,106.0,Wolves,Playmaker,False,False,False,0.0153,-0.127,-0.5655,-0.0674,-0.49
Tim Iroegbunam,eng ENG,MF,22,246.0,Everton,Playmaker,False,False,False,0.0502,-0.2381,0.0053,0.3416,-0.1233
Joshua King,eng ENG,"MF,FW",18,467.0,Fulham,Dribbler,False,True,False,0.076,-0.1349,0.592,0.5,0.1533
Fer López,es ESP,"MF,FW",21,105.0,Wolves,Volume Shooter,False,False,False,0.0605,0.1587,0.0053,0.2376,0.3667
Noni Madueke,eng ENG,FW,23,304.0,Arsenal,Playmaker,False,True,False,0.089,-0.0595,0.5656,1.0307,0.0033
Soungoutou Magassa,fr FRA,MF,22,161.0,West Ham,Dribbler,False,False,False,0.033,-0.127,0.0053,-0.1229,-0.49
Kobbie Mainoo,eng ENG,MF,20,117.0,Manchester Utd,Volume Shooter,False,False,False,0.033,-0.1825,-0.3062,-0.1229,0.0233
Pape Matar Sarr,sn SEN,MF,23,376.0,Tottenham,Finisher,False,True,False,0.0686,1.1857,0.0447,0.3582,-0.25
Eliezer Mayenda,es ESP,FW,20,245.0,Sunderland,Finisher,False,False,False,0.0668,0.996,0.0782,0.1548,0.0
James Mcatee,eng ENG,"MF,FW",22,129.0,Nott'ham Forest,Dribbler,False,False,False,0.0438,-0.127,0.2723,-0.0674,-0.2567
Hannibal Mejbri,tn TUN,MF,22,249.0,Burnley,Volume Shooter,False,False,False,0.0582,-0.2381,0.224,0.0993,0.37
Lewis Miley,eng ENG,MF,19,169.0,Newcastle Utd,Playmaker,False,False,False,0.015,-0.127,-0.1592,-0.1229,-0.3133
Yankuba Minteh,gm GAM,FW,21,591.0,Brighton,Playmaker,False,True,True,0.1494,-0.0778,2.1731,2.4291,0.07
David Møller Wolfe,no NOR,"MF,DF",23,145.0,Wolves,Dribbler,False,False,False,0.0528,-0.127,0.8678,0.0969,-0.49
Ethan Nwaneri,eng ENG,MF,18,149.0,Arsenal,Volume Shooter,False,False,False,0.0509,-0.2381,-0.2013,0.0898,0.5167
Wilson Odobert,fr FRA,FW,20,241.0,Tottenham,Dribbler,False,False,False,0.0605,-0.2024,0.3966,0.0437,0.0067
William Osula,dk DEN,FW,22,164.0,Newcastle Utd,Finisher,False,False,False,0.0586,1.1579,-0.0547,-0.0674,0.06
Dango Ouattara,bf BFA,FW,23,314.0,Brentford,Playmaker,False,True,False,0.0977,0.4849,0.169,0.6466,0.0833
Nico O’Reilly,eng ENG,"DF,MF",20,392.0,Manchester City,Dribbler,False,False,False,0.0425,-0.1825,-0.0463,-0.0674,-0.26
Cole Palmer,eng ENG,MF,23,145.0,Chelsea,Volume Shooter,True,True,False,0.0954,0.7206,0.0911,0.3747,2.3733
Yeremi Pino,es ESP,MF,22,308.0,Crystal Palace,Dribbler,False,False,False,0.0618,-0.5079,0.3129,0.2494,0.29
Freddie Potts,eng ENG,MF,22,107.0,West Ham,Playmaker,False,False,False,0.0165,-0.127,-0.6801,-0.1229,-0.49
Chris Rigg,eng ENG,MF,18,96.0,Sunderland,Dribbler,False,False,False,0.0589,-0.1825,0.8678,0.0437,0.1333
Morgan Rogers,eng ENG,"FW,MF",23,621.0,Aston Villa,Dribbler,False,True,False,0.0822,-0.1746,0.6169,0.5296,-0.1533
Georginio Rutter,fr FRA,"FW,MF",23,367.0,Brighton,Playmaker,False,True,False,0.0768,0.0,0.0873,1.0839,0.0
Noah Sadiki,cd COD,MF,20,622.0,Sunderland,Playmaker,False,False,False,0.0576,-0.1825,0.3897,0.4326,-0.3933
Andrey Santos,br BRA,MF,21,174.0,Chelsea,Dribbler,False,False,False,0.0565,-0.1429,0.8678,-0.1229,0.0267
Sávio,br BRA,MF,21,169.0,Manchester City,Playmaker,False,False,False,0.0439,0.0833,-0.3934,0.3771,-0.1333
Nicolò Savona,it ITA,"DF,MF",22,144.0,Nott'ham Forest,Dribbler,False,False,False,0.0318,-0.127,0.4429,-0.1229,-0.49
Kevin Schade,de GER,FW,23,572.0,Brentford,Playmaker,False,False,False,0.0652,-0.0849,-0.2046,0.7116,-0.0167
Alex Scott,eng ENG,MF,22,449.0,Bournemouth,Finisher,False,True,False,0.0696,0.5968,0.1113,0.5591,-0.0233
Benjamin Šeško,si SVN,FW,22,387.0,Manchester Utd,Finisher,False,True,False,0.0773,1.0286,-0.4372,0.2364,0.44
Xavi Simons,nl NED,"FW,MF",22,250.0,Tottenham,Dribbler,False,False,False,0.059,-0.1508,0.2649,0.227,-0.01
Crysencio Summerville,nl NED,"MF,FW",23,312.0,West Ham,Playmaker,False,True,False,0.0822,-0.2897,0.4293,1.2293,-0.1067
Chemsdine Talbi,ma MAR,FW,20,501.0,Sunderland,Playmaker,False,False,False,0.0524,-0.5556,-0.2617,0.1714,-0.01
Loum Tchaouna,fr FRA,MF,22,312.0,Burnley,Volume Shooter,False,True,False,0.0819,-0.1786,-0.4411,0.4161,0.49
Mathys Tel,fr FRA,FW,20,178.0,Tottenham,Finisher,False,True,False,0.0732,1.0754,0.2723,0.3463,0.1833
Lesley Ugochukwu,fr FRA,MF,21,288.0,Burnley,Finisher,False,False,False,0.0573,0.9405,0.1511,-0.1229,-0.0733
Adam Wharton,eng ENG,MF,21,451.0,Crystal Palace,Dribbler,False,True,False,0.068,-0.1825,1.4407,0.3369,-0.29
Estêvão Willian,br BRA,FW,18,264.0,Chelsea,Playmaker,True,True,True,0.1324,0.3683,1.1355,1.396,0.42
Florian Wirtz,de GER,"MF,FW",22,482.0,Liverpool,Playmaker,False,True,False,0.0705,-0.4603,0.4029,0.6548,0.07
Nick Woltemade,de GER,FW,23,302.0,Newcastle Utd,Finisher,False,False,False,0.0571,1.4556,-0.2617,-0.0674,0.1067
Yehor Yarmoliuk,ua UKR,MF,21,600.0,Brentford,Dribbler,False,True,False,0.0774,-0.119,0.5521,0.4255,-0.24
Lucien Agoume,fr FRA,MF,23,609.0,Sevilla,Finisher,False,True,False,0.0775,2.6548,0.0053,-0.0165,-0.44
Ilias Akhomach,ma MAR,"MF,FW",21,131.0,Villarreal,Finisher,False,False,False,0.0384,0.25,-0.7322,0.0437,-0.0333
Carlos Álvarez,es ESP,MF,22,490.0,Levante,Finisher,False,True,False,0.0913,1.3183,0.2475,0.2943,0.56
Hugo Álvarez,es ESP,"FW,DF",22,306.0,Celta Vigo,Finisher,False,True,False,0.0782,2.7103,-0.2013,0.1548,-0.3933
Yaser Asprilla,co COL,FW,21,402.0,Girona,Volume Shooter,False,True,False,0.0833,-0.0476,0.592,0.3215,0.9067
Roony Bardghji,se SWE,FW,19,139.0,Barcelona,Volume Shooter,True,True,True,0.1315,1.3373,0.9602,0.5437,1.4533
Ander Barrenetxea,es ESP,"MF,FW",23,649.0,Real Sociedad,Dribbler,False,True,True,0.1549,0.1913,2.6817,1.7884,0.2033
Pablo Barrios,es ESP,MF,22,652.0,Atlético Madrid,Dribbler,False,True,False,0.097,0.4397,1.5372,0.5437,-0.1233
Jude Bellingham,eng ENG,MF,22,118.0,Real Madrid,Volume Shooter,False,False,False,0.0623,0.0357,-0.2617,0.3132,0.78
Iker Benito,es ESP,"FW,DF",23,98.0,Osasuna,Finisher,False,False,False,0.0615,2.6825,-0.5655,-0.0118,-0.1833
Carmona,es ESP,"DF,MF",23,555.0,Sevilla,Playmaker,False,True,False,0.0886,0.8889,0.1613,1.2175,-0.22
Marc Casado,es ESP,MF,22,212.0,Barcelona,Playmaker,False,False,False,0.0492,-0.2381,0.0053,0.3274,0.0767
Coba da Costa,es ESP,"MF,FW",23,131.0,Getafe,Dribbler,True,True,False,0.0884,0.0913,0.8582,0.844,0.1967
Tyrhys Dolan,eng ENG,"FW,MF",23,566.0,Espanyol,Playmaker,False,True,False,0.0956,-0.1587,0.4773,1.4362,-0.12
Marc Domenech,es ESP,"FW,MF",19,206.0,Mallorca,Playmaker,False,False,False,0.0434,-0.1825,-0.3791,0.3664,-0.0533
Karl Etta Eyong,cm CMR,FW,21,256.0,Villarreal,Finisher,False,False,False,0.0506,0.6563,-0.6905,0.292,0.33
Karl Etta Eyong,cm CMR,FW,21,381.0,Levante,Finisher,False,True,False,0.0872,1.419,-0.3791,0.6844,0.5333
Abde Ezzalzouli,ma MAR,FW,23,254.0,Betis,Finisher,True,True,True,0.1029,1.1143,0.444,1.0012,0.81
Roberto Férnandez,es ESP,"FW,MF",23,535.0,Espanyol,Playmaker,False,False,False,0.0497,-0.0048,-0.703,0.6147,0.24
Gonzalo García,es ESP,"FW,MF",21,93.0,Real Madrid,Playmaker,False,False,False,0.0313,0.2024,-0.1592,0.221,-0.1667
Pablo Garcia,es ESP,FW,19,182.0,Betis,Volume Shooter,False,False,False,0.0558,-0.4325,0.1515,0.0993,0.3333
Jon Gorrotxategi,es ESP,MF,23,516.0,Real Sociedad,Playmaker,False,False,False,0.0216,-0.1825,-0.5342,0.104,-0.3167
Javier Guerra,es ESP,MF,22,473.0,Valencia,Playmaker,False,False,False,0.0588,-0.0675,0.0873,0.2896,-0.1733
Arda Güler,tr TUR,"MF,FW",20,561.0,Real Madrid,Finisher,False,True,False,0.0913,1.1095,0.3163,0.4941,0.76
Haissem Hassan,fr FRA,"FW,MF",23,538.0,Oviedo,Dribbler,False,True,True,0.1277,-0.2738,2.4663,1.1608,0.18
Ali Houary,ma MAR,MF,20,123.0,Elche,Volume Shooter,False,False,False,0.0326,-0.1825,-0.3062,-0.1229,-0.0033
Mikel Jauregizar,es ESP,MF,21,710.0,Athletic Club,Finisher,False,False,False,0.0597,0.5016,-0.2437,0.4787,-0.0267
Mateo Joseph,es ESP,"FW,MF",21,399.0,Mallorca,Playmaker,False,False,False,0.0679,-0.6349,0.1208,0.8144,0.2633
Abu Kamara,eng ENG,"FW,MF",22,113.0,Getafe,Playmaker,False,False,False,0.0178,-0.127,-0.6801,-0.0118,-0.49
Adrián Liso,es ESP,FW,20,425.0,Getafe,Finisher,False,True,False,0.0769,2.3325,-0.238,0.3038,0.0733
Diego López,es ESP,"MF,FW",23,565.0,Valencia,Finisher,False,False,False,0.0598,1.0444,-0.3908,0.3215,-0.0133
Fermin López,es ESP,"MF,FW",22,195.0,Barcelona,Finisher,True,True,True,0.12,2.2849,0.9284,0.8771,0.4333
Pablo Marín,es ESP,MF,22,458.0,Real Sociedad,Dribbler,False,False,False,0.0601,-0.25,0.404,0.0993,-0.0967
Mario Martín,es ESP,MF,21,511.0,Getafe,Dribbler,False,False,False,0.0633,0.5333,0.5444,-0.0118,-0.08
Franco Mastantuono,ar ARG,"FW,DF",18,402.0,Real Madrid,Dribbler,False,True,True,0.1138,-0.2278,1.3625,0.4882,1.2033
Rodrigo Mendoza,es ESP,"MF,FW",20,359.0,Elche,Finisher,False,True,False,0.0759,0.9167,0.7159,0.0213,-0.1567
Alberto Moleiro,es ESP,"MF,FW",22,370.0,Villarreal,Dribbler,False,True,False,0.0766,0.123,0.5689,0.3215,0.32
Ilaix Moriba,gn GUI,MF,22,453.0,Celta Vigo,Playmaker,False,False,False,0.0483,-0.3254,-0.7322,0.2967,-0.0267
Víctor Muñoz,es ESP,"FW,MF",22,493.0,Osasuna,Dribbler,False,True,True,0.1444,0.5762,2.0194,1.4965,0.3633
Roberto Navarro,es ESP,"FW,MF",23,246.0,Athletic Club,Finisher,False,False,False,0.0668,0.7976,0.0169,0.3771,-0.0033
Martim Neto,pt POR,MF,22,267.0,Elche,Playmaker,True,True,False,0.0965,0.0278,0.6919,1.0686,0.1833
Aimar Oroz,es ESP,"FW,MF",23,313.0,Osasuna,Volume Shooter,False,True,False,0.0766,-0.2937,0.0843,0.5355,0.8933
Pedri,es ESP,MF,22,693.0,Barcelona,Dribbler,False,True,False,0.085,0.5198,1.1797,0.5154,-0.0567
Francisco Perez,es ESP,"MF,FW",23,202.0,Rayo Vallecano,Finisher,False,True,False,0.0754,1.7262,0.2111,0.0922,-0.1933
Yeremi Pino,es ESP,"MF,FW",22,159.0,Villarreal,Playmaker,False,False,False,0.0366,-0.0119,-0.7218,0.3889,-0.1133
Hugo Rincón,es ESP,"DF,MF",22,416.0,Girona,Dribbler,False,False,False,0.0541,-0.3492,0.2969,0.2104,-0.3467
Joel Roca,es ESP,"FW,MF",20,367.0,Girona,Dribbler,False,True,True,0.1081,0.5675,1.4122,0.2104,0.3267
Álvaro Rodríguez,uy URU,FW,21,437.0,Elche,Dribbler,False,True,True,0.1099,-0.496,1.0963,0.7636,0.3333
Damián Rodríguez,es ESP,MF,22,90.0,Celta Vigo,Volume Shooter,False,False,False,0.0248,-0.1825,-0.1592,-0.1229,0.51
Miguel Román,es ESP,MF,22,159.0,Celta Vigo,Volume Shooter,False,False,False,0.031,-0.4048,-0.4372,-0.1229,-0.1133
Javier Rueda Garcia,es ESP,"DF,MF",23,340.0,Celta Vigo,Finisher,False,False,False,0.0674,0.8651,0.0009,0.5095,-0.1367
Juanlu Sánchez,es ESP,"DF,FW",22,400.0,Sevilla,Playmaker,False,True,False,0.0777,-0.2381,0.5007,0.7849,-0.2633
Nicolás Serrano,es ESP,FW,22,117.0,Athletic Club,Volume Shooter,False,False,False,0.0495,-0.2937,-0.2129,-0.0118,0.7933
Giuliano Simeone,ar ARG,"MF,FW",22,607.0,Atlético Madrid,Playmaker,False,True,True,0.1228,-0.5746,0.8607,1.753,0.2033
Jhon Solis,co COL,MF,21,300.0,Girona,Finisher,False,False,False,0.0428,-0.0635,-0.0742,-0.1229,-0.39
Hugo Sotelo,es ESP,MF,21,536.0,Celta Vigo,Playmaker,False,False,False,0.0178,-0.1151,-0.1592,0.0532,-0.4333
Orri Steinn Óskarsson,is ISL,FW,21,113.0,Real Sociedad,Finisher,True,True,False,0.0824,1.5151,0.8678,-0.1229,0.3067
Luka Sučić,hr CRO,MF,23,123.0,Real Sociedad,Finisher,False,False,False,0.047,0.0516,0.0053,-0.1229,-0.0033
Williot Swedberg,se SWE,"MF,FW",21,236.0,Celta Vigo,Playmaker,False,False,False,0.0353,-0.2381,-0.1692,-0.0674,-0.2367
Pablo Torre,es ESP,"MF,FW",22,473.0,Mallorca,Playmaker,False,False,False,0.0392,-0.0317,-0.3205,0.3014,-0.3
Beñat Turrientes,es ESP,MF,23,239.0,Real Sociedad,Dribbler,False,False,False,0.0611,-0.0873,0.3868,0.0993,0.2633
Christantus Uche,ng NGA,FW,22,270.0,Getafe,Playmaker,True,True,False,0.0944,0.1595,0.3954,0.8369,0.1767
Germán Valera,es ESP,"FW,DF",23,529.0,Elche,Playmaker,False,True,False,0.0915,0.7302,0.0989,1.169,-0.2067
Vladyslav Vanat,ua UKR,FW,23,347.0,Girona,Finisher,False,True,False,0.0799,1.1444,0.0053,0.1915,0.1167
Nico Williams,es ESP,FW,23,291.0,Athletic Club,Dribbler,False,True,True,0.1418,-0.2143,1.8243,1.818,0.3333
Lamine Yamal,es ESP,FW,18,303.0,Barcelona,Playmaker,False,True,True,0.2395,0.9127,2.572,3.6749,1.89
Jayden Addai,nl NED,FW,20,183.0,Como,Finisher,False,True,False,0.071,1.0397,0.0447,0.266,0.33
Vasilije Adžić,me MNE,MF,19,109.0,Juventus,Finisher,True,True,False,0.0894,2.0714,-0.2617,-0.0674,1.3867
Ebenezer Akinsanmiro,ng NGA,MF,20,389.0,Pisa,Dribbler,False,False,False,0.0658,0.0,0.4029,0.266,-0.18
Kristjan Asllani,al ALB,MF,23,409.0,Torino,Dribbler,False,False,False,0.0553,-0.0952,0.8678,-0.0449,-0.1233
Arthur Atta,fr FRA,MF,22,519.0,Udinese,Dribbler,False,True,True,0.1619,0.5698,1.7699,1.6678,0.4333
Tommaso Baldanzi,it ITA,"MF,FW",22,121.0,Roma,Volume Shooter,False,False,False,0.0251,-0.2937,-0.6801,-0.0674,0.2533
Reda Belahyane,ma MAR,MF,21,154.0,Lazio,Playmaker,False,False,False,0.0494,-0.127,0.0053,0.4586,-0.49
Rafik Belghali,dz ALG,"DF,FW",23,387.0,Hellas Verona,Dribbler,False,False,False,0.0631,-0.0913,0.631,0.266,-0.3333
Medon Berisha,al ALB,MF,21,263.0,Lecce,Volume Shooter,False,False,False,0.0355,-0.0476,-0.1279,0.1643,0.4667
Warren Bondo,fr FRA,MF,22,428.0,Cremonese,Dribbler,False,False,False,0.0378,-0.127,0.0266,-0.1229,-0.42
Ange-Yoan Bonny,fr FRA,FW,21,135.0,Inter,Finisher,True,True,False,0.0936,2.723,-0.3205,0.831,0.1767
Iker Bravo,es ESP,FW,20,165.0,Udinese,Finisher,False,False,False,0.0397,1.269,-0.5655,-0.1229,0.0567
Francesco Camarda,it ITA,FW,17,204.0,Lecce,Finisher,False,False,False,0.0655,0.881,0.0782,0.0437,0.2467
Matteo Cancellieri,it ITA,FW,23,389.0,Lazio,Finisher,False,True,False,0.0867,1.6,-0.0358,0.6253,0.3567
Valentin Carboni,ar ARG,"MF,FW",20,216.0,Genoa,Dribbler,False,False,False,0.0589,-0.0714,0.4196,0.0993,-0.2133
Cesare Casadei,it ITA,MF,22,468.0,Torino,Volume Shooter,False,False,False,0.0421,-0.3016,-0.2129,-0.1229,-0.04
Santiago Castro,ar ARG,FW,21,328.0,Bologna,Finisher,False,False,False,0.0388,0.7651,-0.0654,0.0284,0.2433
Lorenzo Colombo,it ITA,FW,23,364.0,Genoa,Volume Shooter,False,False,False,0.0472,-0.4444,-0.1276,-0.1229,0.4167
Francisco Conceição,pt POR,MF,22,298.0,Juventus,Playmaker,False,True,True,0.1196,0.8786,0.7136,1.1998,0.2133
Jeff Ekhator,it ITA,"FW,DF",18,145.0,Genoa,Finisher,False,False,False,0.0606,0.8413,0.0053,0.0437,0.3367
Mikael Ellertsson,is ISL,"FW,DF",23,434.0,Genoa,Finisher,False,False,False,0.0597,0.5357,0.0782,0.1548,-0.1433
Francesco Esposito,it ITA,FW,20,156.0,Inter,Volume Shooter,False,False,False,0.0512,0.7595,-0.5655,0.0437,0.8567
Sebastiano Esposito,it ITA,"FW,MF",23,429.0,Cagliari,Volume Shooter,False,False,False,0.055,-0.2937,0.1223,0.1548,0.21
Giovanni Fabbian,it ITA,MF,22,248.0,Bologna,Volume Shooter,False,False,False,0.0402,-0.3492,-0.1603,0.2104,0.2367
Alieu Fadera,gm GAM,"FW,MF",23,155.0,Sassuolo,Finisher,True,True,False,0.0911,1.3254,0.2042,1.1217,-0.1033
Jacopo Fazzini,it ITA,MF,22,266.0,Fiorentina,Volume Shooter,False,False,False,0.0513,-0.1032,-0.0664,0.0437,0.0733
Evan Ferguson,ie IRL,FW,20,286.0,Roma,Playmaker,False,False,False,0.059,-0.0317,-0.1276,0.3783,0.2433
Gvidas Gineitis,lt LTU,"MF,FW",21,117.0,Torino,Dribbler,False,False,False,0.0487,-0.127,0.6228,-0.0674,-0.49
Giovane,br BRA,FW,21,489.0,Hellas Verona,Playmaker,False,True,True,0.1359,0.0833,0.7027,1.9527,0.7367
Rasmus Højlund,dk DEN,FW,22,302.0,Napoli,Finisher,False,True,False,0.0999,1.6667,0.9824,0.3168,-0.0933
Oliver Jensen,dk DEN,MF,23,364.0,Parma,Playmaker,False,False,False,0.029,-0.1825,-0.4372,-0.1229,-0.4067
Mohamed Kaba,fr FRA,"MF,FW",23,142.0,Lecce,Dribbler,False,False,False,0.0653,0.3214,0.8678,-0.0674,0.1433
Mandela Keita,be BEL,MF,23,443.0,Parma,Dribbler,False,False,False,0.0453,-0.1825,0.1223,-0.052,-0.3533
Ismaël Koné,ca CAN,MF,23,394.0,Sassuolo,Finisher,False,True,False,0.0963,1.4643,0.5444,0.6809,-0.3367
Luca Lipani,it ITA,MF,20,94.0,Sassuolo,Dribbler,False,False,False,0.0479,-0.127,0.8678,-0.1229,-0.49
Daniel Maldini,it ITA,MF,23,171.0,Atalanta,Volume Shooter,True,True,False,0.0966,0.0119,0.7367,0.4882,1.2367
Henrik Meister,dk DEN,FW,21,331.0,Pisa,Playmaker,False,False,False,0.0567,-0.2421,0.1015,0.266,-0.1267
Cher Ndour,it ITA,MF,21,94.0,Fiorentina,Dribbler,False,False,False,0.0315,-0.1825,-0.1158,-0.1229,-0.17
Brooke Norton-Cuffy,eng ENG,"DF,FW",21,540.0,Genoa,Dribbler,False,True,True,0.1063,-0.2381,1.2289,1.1099,-0.4333
Gift Orban,ng NGA,FW,23,348.0,Hellas Verona,Volume Shooter,False,True,False,0.0723,-0.4643,-0.1276,0.0437,1.7333
Christian Ordoñez,ar ARG,MF,21,118.0,Parma,Playmaker,False,False,False,0.0174,-0.1825,-0.5655,-0.1229,-0.2367
Gaetano Oristanio,it ITA,"MF,FW",23,160.0,Parma,Playmaker,False,False,False,0.0487,-0.4048,-0.0978,0.4326,0.26
Nicolás Paz,ar ARG,MF,21,527.0,Como,Finisher,False,True,True,0.1594,1.8175,0.8704,1.461,1.65
Máximo Perrone,ar ARG,MF,22,418.0,Como,Finisher,False,False,False,0.0562,1.0825,0.0053,0.1217,-0.2733
Matteo Prati,it ITA,MF,21,410.0,Cagliari,Dribbler,False,True,False,0.0696,-0.2937,0.8678,0.1217,-0.1233
Jesus Rodríguez,es ESP,FW,19,389.0,Como,Playmaker,False,True,True,0.104,-0.3889,0.8954,1.4291,0.28
Nicolò Rovella,it ITA,MF,23,200.0,Lazio,Dribbler,False,False,False,0.0609,-0.127,1.097,0.2518,-0.34
Jonathan Rowe,eng ENG,"FW,MF",22,119.0,Bologna,Volume Shooter,False,False,False,0.0614,-0.6032,0.0196,0.2021,1.0233
Lazar Samardzic,rs SRB,MF,23,249.0,Atalanta,Finisher,True,True,False,0.0861,0.8492,0.1803,0.4102,-0.0067
Matìas Soulé,ar ARG,"MF,FW",22,485.0,Roma,Volume Shooter,False,True,True,0.1385,1.5802,0.7492,1.1868,2.1233
Petar Sucic,hr CRO,MF,21,267.0,Inter,Dribbler,False,False,False,0.0641,0.0833,0.4626,0.3369,-0.04
Kamaldeen Sulemana,gh GHA,MF,23,340.0,Atalanta,Finisher,False,True,False,0.0931,1.5532,0.725,0.5284,0.1267
Cristian Volpato,it ITA,"MF,FW",21,152.0,Sassuolo,Playmaker,False,False,False,0.0547,-0.2381,0.0999,0.3511,-0.2933
Aster Vranckx,be BEL,MF,23,314.0,Sassuolo,Dribbler,False,False,False,0.0448,-0.127,0.357,0.0437,-0.3933
Wesley,br BRA,"DF,MF",22,408.0,Roma,Finisher,False,True,False,0.0699,1.0825,0.085,0.2884,-0.27
Kenan Yıldız,tr TUR,MF,20,515.0,Juventus,Playmaker,False,True,True,0.1089,0.7294,0.982,1.2234,0.21
Karim Adeyemi,de GER,"FW,MF",23,326.0,Dortmund,Playmaker,False,True,True,0.1399,1.2429,0.992,1.6158,0.6133
Ilyas Ansah,de GER,"MF,FW",20,402.0,Union Berlin,Finisher,False,True,True,0.1271,3.0635,1.4974,0.5591,0.1067
Fisnik Asllani,xk KVX,"FW,MF",23,456.0,Hoffenheim,Finisher,False,True,False,0.0856,1.554,-0.0463,0.3215,0.76
Leon Avdullahu,xk KVX,MF,21,486.0,Hoffenheim,Playmaker,False,False,False,0.0416,-0.1825,-0.1276,0.1667,-0.3667
Johan Bakayoko,be BEL,FW,22,455.0,RB Leipzig,Playmaker,False,True,True,0.1199,1.0214,0.7019,1.3522,0.4333
Ezechiel Banzuzi,nl NED,MF,20,231.0,RB Leipzig,Dribbler,False,False,False,0.0671,-0.0397,0.9824,0.0709,0.29
Maximilian Beier,de GER,"MF,FW",22,379.0,Dortmund,Playmaker,False,False,False,0.0671,0.4325,-0.0463,0.5177,-0.0933
Jobe Bellingham,eng ENG,MF,20,189.0,Dortmund,Playmaker,False,False,False,0.0346,-0.1825,-0.2617,0.0473,-0.33
Eliesse Ben Seghir,ma MAR,MF,20,130.0,Leverkusen,Dribbler,False,False,False,0.0567,0.1468,0.6901,-0.0118,-0.26
Tom Bischof,de GER,"MF,DF",20,126.0,Bayern Munich,Volume Shooter,False,False,False,0.0384,-0.3492,-0.1592,0.24,0.9633
Badredine Bouanani,dz ALG,FW,20,145.0,Stuttgart,Volume Shooter,False,False,False,0.0565,-0.0476,-0.3791,0.5414,0.5433
Nathaniel Brown,de GER,"DF,FW",22,374.0,Eint Frankfurt,Finisher,False,False,False,0.0601,1.3365,-0.4372,0.3806,-0.25
Fares Chaïbi,dz ALG,MF,22,446.0,Eint Frankfurt,Finisher,False,True,False,0.0801,0.6873,0.3305,0.5686,0.4133
Chema,es ESP,MF,20,221.0,Stuttgart,Finisher,False,False,False,0.0391,1.5913,-0.1592,-0.1229,-0.22
Yan Couto,br BRA,"DF,MF",23,397.0,Dortmund,Playmaker,False,True,False,0.0861,0.6865,0.1223,0.896,-0.1133
Patrice Čović,hr CRO,"MF,FW",18,138.0,Werder Bremen,Playmaker,False,False,False,0.0193,-0.2579,-0.5655,-0.1229,-0.2733
Adam Daghim,dk DEN,FW,20,182.0,Wolfsburg,Finisher,False,False,False,0.0578,0.723,-0.2617,0.1548,0.5
Muhammed Damar,de GER,"FW,MF",21,203.0,Hoffenheim,Volume Shooter,False,False,False,0.063,0.1786,-0.0547,-0.1229,1.0433
Eren Dinkçi,de GER,"FW,MF",23,211.0,Freiburg,Volume Shooter,False,False,False,0.0401,-0.2381,-0.1276,-0.0674,-0.0633
Yan Diomandé,ci CIV,FW,18,285.0,RB Leipzig,Dribbler,False,True,True,0.1047,-0.2659,1.6349,1.2683,0.14
Ezequiél Fernández,ar ARG,MF,23,141.0,Leverkusen,Volume Shooter,False,False,False,0.0231,-0.1825,-0.7218,-0.1229,-0.0633
Joel Fujita,jp JPN,MF,23,529.0,St. Pauli,Dribbler,False,False,False,0.051,-0.2381,0.3459,-0.0626,-0.2067
Andreas Hountondji,bj BEN,FW,23,308.0,St. Pauli,Finisher,False,True,False,0.0989,2.1857,-0.2645,0.4243,0.29
Oscar Højlund,dk DEN,MF,20,150.0,Eint Frankfurt,Playmaker,False,False,False,0.0212,-0.127,-0.6801,0.0898,-0.49
Arijon Ibrahimović,de GER,"MF,FW",19,460.0,Heidenheim,Playmaker,False,False,False,0.0484,-0.6151,-0.2633,0.3215,-0.1
Castrop Jens,kr KOR,MF,22,275.0,Gladbach,Finisher,False,False,False,0.0582,1.1976,-0.4712,0.0496,-0.1633
Ísak Jóhannesson,is ISL,MF,22,460.0,Köln,Finisher,False,False,False,0.0428,0.9635,-0.1592,0.0863,0.2067
Jakub Kamiński,pl POL,"MF,FW",23,540.0,Köln,Finisher,False,True,False,0.0918,1.2373,0.3868,0.4326,0.9533
Lennart Karl,de GER,FW,17,126.0,Bayern Munich,Volume Shooter,True,True,True,0.1033,0.7302,0.0957,0.8877,1.1767
Luca Kerber,de GER,MF,23,320.0,Heidenheim,Playmaker,False,False,False,0.0193,-0.2381,-0.5655,-0.0674,-0.21
Bilal El Khannouss,ma MAR,MF,21,354.0,Stuttgart,Finisher,False,True,False,0.0749,1.5524,0.1803,0.0213,0.2733
Ansgar Knauff,de GER,"FW,MF",23,206.0,Eint Frankfurt,Finisher,True,True,False,0.0867,1.5595,0.0782,0.422,0.6767
Christian Kofane,cm CMR,FW,19,183.0,Leverkusen,Playmaker,True,True,True,0.1012,0.5952,0.8678,1.013,0.1667
Mert Kömür,de GER,"FW,MF",20,482.0,Augsburg,Finisher,False,True,False,0.0732,0.8929,0.1069,0.2423,0.32
Hugo Larsson,se SWE,MF,21,296.0,Eint Frankfurt,Dribbler,False,False,False,0.0557,-0.0635,0.8678,0.0934,-0.39
Tim Lemperle,de GER,FW,23,330.0,Hoffenheim,Dribbler,False,True,False,0.0866,0.8349,0.8678,0.6277,0.1467
Said El Mala,de GER,"FW,DF",19,217.0,Köln,Playmaker,True,True,True,0.1856,1.6944,1.1128,2.3723,1.3067
Johan Manzambi,ch SUI,MF,19,304.0,Freiburg,Playmaker,False,True,False,0.0853,-0.3413,0.7124,0.9279,0.3967
Eric Martel,de GER,"MF,DF",23,508.0,Köln,Dribbler,False,False,False,0.05,-0.127,0.8678,-0.0591,-0.43
Jean Mattéo Bahoya,fr FRA,FW,20,347.0,Eint Frankfurt,Finisher,False,True,True,0.1033,1.0603,0.9918,0.8582,0.2867
Ibrahim Maza,dz ALG,"MF,DF",19,215.0,Leverkusen,Dribbler,True,True,False,0.081,0.2579,0.5581,0.2104,0.4867
Samuel Mbangula,be BEL,FW,21,366.0,Werder Bremen,Finisher,False,True,False,0.0955,2.123,0.2425,0.695,-0.1633
William Mikelbrencis,fr FRA,"DF,MF",21,119.0,Hamburger SV,Dribbler,False,True,False,0.0684,0.3056,0.8678,0.0993,0.0133
Paul Nebel,de GER,MF,22,329.0,Mainz 05,Finisher,False,False,False,0.0611,0.1913,-0.0937,0.1395,0.0567
Luca Netz,de GER,"DF,MF",22,165.0,Gladbach,Dribbler,False,False,False,0.0589,-0.127,0.9824,0.3191,-0.49
Antonio Nusa,no NOR,FW,20,278.0,RB Leipzig,Playmaker,False,True,False,0.0924,-0.2778,0.7445,0.9326,0.3733
Michael Olise,fr FRA,"FW,MF",23,466.0,Bayern Munich,Volume Shooter,False,True,True,0.1847,1.327,1.2591,2.1501,2.4267
Assan Ouedraogo,de GER,MF,19,196.0,RB Leipzig,Finisher,True,True,False,0.0946,0.627,0.5327,0.5922,0.2767
Aleksandar Pavlovic,de GER,MF,21,268.0,Bayern Munich,Finisher,False,False,False,0.0628,2.6746,-0.6488,0.1147,-0.3767
Dženan Pejčinović,de GER,FW,20,229.0,Wolfsburg,Volume Shooter,False,False,False,0.0588,-0.5278,0.2723,0.1548,0.69
Ernest Poku,nl NED,"MF,FW",21,215.0,Leverkusen,Finisher,True,True,False,0.0772,1.873,0.1511,0.1548,0.0667
Rocco Reitz,de GER,MF,23,476.0,Gladbach,Volume Shooter,False,False,False,0.0609,-0.2341,-0.0463,0.0437,0.7667
Fabian Rieder,ch SUI,MF,23,353.0,Augsburg,Playmaker,False,True,True,0.1215,0.5413,0.6875,1.3274,0.6033
Rômulo,br BRA,FW,23,475.0,RB Leipzig,Dribbler,False,True,False,0.0727,0.25,0.4626,0.3889,0.33
Alexander Røssing-Lelesiit,no NOR,"FW,MF",18,194.0,Hamburger SV,Dribbler,False,False,False,0.0538,0.0556,0.0835,0.0437,-0.3367
Derry Scherhant,de GER,"FW,MF",22,115.0,Freiburg,Finisher,True,True,True,0.1176,1.8817,-0.6905,0.9314,1.5767
Armindo Sieb,de GER,"FW,MF",22,237.0,Mainz 05,Dribbler,False,False,False,0.0644,0.2968,0.7098,0.2104,0.5233
Xavi Simons,nl NED,MF,22,90.0,RB Leipzig,Dribbler,False,False,False,0.0365,-0.127,0.0053,-0.1229,-0.49
Yuito Suzuki,jp JPN,MF,23,137.0,Freiburg,Playmaker,False,False,False,0.0266,-0.5159,-0.5655,0.2222,0.1667
Daniel Svensson,se SWE,"DF,MF",23,540.0,Dortmund,Finisher,False,False,False,0.0623,1.3294,0.7098,-0.0071,-0.38
Jan Thielmann,de GER,"FW,MF",23,371.0,Köln,Finisher,False,True,False,0.1005,1.1921,-0.2013,0.8322,0.6433
Malik Tillman,us USA,MF,23,375.0,Leverkusen,Finisher,False,True,False,0.0791,1.2587,-0.0171,0.6844,0.23
Umut Tohumcu,de GER,MF,21,118.0,Hoffenheim,Dribbler,False,False,False,0.0598,-0.1825,0.8678,0.1466,0.02
Tiago Tomás,pt POR,"FW,MF",23,303.0,Stuttgart,Volume Shooter,False,True,False,0.0793,0.4786,-0.0579,0.3771,1.0933
Bazoumana Touré,ci CIV,"FW,MF",19,527.0,Hoffenheim,Playmaker,False,True,True,0.1223,-0.5238,1.5719,1.7801,0.1933
Can Uzun,tr TUR,MF,19,427.0,Eint Frankfurt,Finisher,False,True,True,0.1114,3.0825,0.0999,0.7305,0.7733
Elye Wahi,fr FRA,FW,22,211.0,Eint Frankfurt,Playmaker,False,False,False,0.0449,-0.0675,-0.3791,0.4007,-0.2067
Nelson Weiper,de GER,FW,20,300.0,Mainz 05,Playmaker,False,False,False,0.0387,-0.1667,-0.2617,0.0437,-0.09
Nick Woltemade,de GER,FW,23,90.0,Stuttgart,Dribbler,False,False,False,0.0355,-0.127,0.4429,0.0437,-0.49
Matthis Abline,fr FRA,"MF,FW",22,444.0,Nantes,Dribbler,False,True,True,0.121,-0.8254,1.7679,1.1147,0.39
Giorgi Abuashvili,ge GEO,FW,22,151.0,Metz,Volume Shooter,False,False,False,0.0523,-0.1825,-0.2645,0.1548,0.5033
Maghnes Akliouche,fr FRA,"FW,MF",23,540.0,Monaco,Playmaker,False,True,False,0.0685,0.3492,-0.2413,0.6608,0.0667
Mohamed Ali Cho,fr FRA,FW,21,150.0,Nice,Playmaker,False,False,False,0.0318,-0.127,-0.6488,0.5248,-0.29
Samuel Amo-Ameyaw,eng ENG,"DF,FW",19,207.0,Strasbourg,Dribbler,True,True,False,0.0814,-0.1825,0.9284,0.9078,-0.2
Mathis Amougou,fr FRA,MF,19,133.0,Strasbourg,Playmaker,False,False,False,0.0478,0.0317,0.0053,0.1548,-0.04
Hákon Arnar Haraldsson,is ISL,"MF,FW",22,477.0,Lille,Volume Shooter,False,True,False,0.0847,0.4238,0.404,0.4125,0.7033
Dehmaine Assoumani,fr FRA,MF,20,190.0,Nantes,Dribbler,False,False,False,0.0589,-0.1825,0.7675,-0.0674,0.14
Arthur Avom,cm CMR,MF,20,552.0,Lorient,Dribbler,False,True,False,0.0907,-0.2302,1.1257,0.6005,-0.2167
Dilane Bakwa,fr FRA,"DF,MF",23,107.0,Strasbourg,Playmaker,True,True,True,0.1491,1.8175,0.3163,2.4811,0.07
Aladji Bamba,fr FRA,MF,19,124.0,Monaco,Playmaker,False,False,False,0.0147,-0.127,-0.5655,-0.1229,-0.49
Mohamed Bamba,ci CIV,FW,23,332.0,Lorient,Finisher,False,False,False,0.0514,0.5167,-0.2617,0.1395,0.0533
Valentín Barco,ar ARG,"MF,DF",21,565.0,Strasbourg,Dribbler,False,True,False,0.0826,-0.4444,0.7019,0.5485,0.2767
Bradley Barcola,fr FRA,FW,23,403.0,Paris S-G,Finisher,False,True,True,0.138,1.5254,0.7542,1.4811,0.7
Yassin Belkhdim,fr FRA,MF,23,599.0,Angers,Playmaker,False,False,False,0.035,-0.123,-0.2617,0.0414,-0.29
Yassine Benhattab,fr FRA,"MF,FW",22,342.0,Nantes,Playmaker,False,False,False,0.0568,-0.1825,0.2575,0.4693,-0.2267
Mika Biereth,dk DEN,"FW,MF",22,431.0,Monaco,Playmaker,False,False,False,0.0643,-0.177,-0.4767,0.3593,-0.0033
Morgan Bokelé Mputu,cm CMR,"DF,FW",21,139.0,Metz,Playmaker,False,False,False,0.0422,-0.2381,-0.1692,0.3215,-0.2733
Ayyoub Bouaddi,fr FRA,MF,18,521.0,Lille,Dribbler,False,True,False,0.073,-0.5595,1.2618,0.1548,-0.1433
Badredine Bouanani,dz ALG,MF,20,93.0,Nice,Playmaker,False,False,False,0.0325,-0.1825,-0.3791,-0.0674,-0.1667
Marius Broholm,no NOR,FW,20,90.0,Lille,Dribbler,False,False,False,0.0372,-0.127,0.0053,-0.0674,-0.49
Amady Camara,ml MLI,"MF,FW",20,119.0,Nantes,Playmaker,False,False,False,0.0618,-0.2381,-0.2617,0.4243,0.2667
Lamine Camara,sn SEN,MF,21,332.0,Monaco,Volume Shooter,False,True,False,0.0956,-0.2381,0.4185,0.6927,0.87
Jaydee Canvot,fr FRA,"MF,DF",19,180.0,Toulouse,Dribbler,False,False,False,0.0446,-0.1825,0.2723,-0.0674,-0.1567
Sidiki Cherif,fr FRA,"FW,MF",18,376.0,Angers,Volume Shooter,False,True,False,0.0697,-0.1746,0.0843,0.266,0.3867
Djaoui Cissé,fr FRA,MF,21,239.0,Rennes,Volume Shooter,False,False,False,0.0586,-0.0873,0.0782,0.2104,0.39
Lasso Coulibaly,ci CIV,"MF,FW",22,98.0,Auxerre,Dribbler,False,False,False,0.05,-0.127,0.5443,-0.0118,-0.49
Mamadou Coulibaly,fr FRA,MF,21,127.0,Monaco,Playmaker,False,False,False,0.0201,-0.127,-0.6801,-0.0674,-0.2533
Marius Courcoul,fr FRA,MF,18,94.0,Angers,Playmaker,False,False,False,0.0292,-0.127,-0.2617,-0.1229,-0.49
Kévin Danois,fr FRA,MF,21,613.0,Auxerre,Dribbler,False,False,False,0.0545,-0.4008,0.6212,-0.0674,-0.1967
Andy Diouf,fr FRA,MF,22,90.0,Lens,Volume Shooter,False,False,False,0.0611,0.1587,0.2111,-0.0674,0.51
Désiré Doué,fr FRA,"FW,MF",20,168.0,Paris S-G,Playmaker,True,True,False,0.0803,-0.2381,0.0835,0.9574,0.7233
Ismaël Doukouré,fr FRA,"DF,MF",22,495.0,Strasbourg,Dribbler,False,True,False,0.0757,-0.2381,1.2116,0.3381,-0.43
Kamory Doumbia,ml MLI,MF,22,560.0,Brest,Finisher,False,True,False,0.0886,0.7492,0.3986,0.6572,0.3667
Simon Ebonog,cm CMR,MF,21,221.0,Le Havre,Playmaker,False,False,False,0.0395,-0.127,-0.4372,0.266,-0.22
Noah Edjouma,fr FRA,"FW,MF",20,175.0,Toulouse,Dribbler,False,False,False,0.0512,-0.127,0.0751,0.0579,-0.32
Emanuel Emegha,nl NED,FW,22,227.0,Strasbourg,Volume Shooter,True,True,False,0.081,0.7262,-0.5655,0.4905,1.33
Emersonn,br BRA,FW,21,100.0,Toulouse,Volume Shooter,True,True,False,0.0881,0.7206,-0.1276,0.0437,2.21
Ansu Fati,es ESP,"MF,FW",22,161.0,Monaco,Finisher,True,True,False,0.0795,2.3175,-0.2013,0.0757,0.2567
Matias Fernandez-Pardo,be BEL,FW,20,499.0,Lille,Playmaker,False,True,True,0.1195,0.9476,0.7367,1.6714,0.17
Malick Fofana,be BEL,FW,20,578.0,Lyon,Playmaker,False,True,True,0.1153,0.4024,0.4696,1.7116,0.2367
Rayan Fofana,fr FRA,FW,19,375.0,Lens,Playmaker,False,True,False,0.1006,0.5603,0.2629,1.1844,0.87
Martial Godo,eng ENG,"MF,FW",22,141.0,Strasbourg,Finisher,True,True,False,0.0934,2.2421,-0.0547,0.6596,0.36
Rafael Gonçalves,pt POR,MF,20,193.0,Strasbourg,Playmaker,False,False,False,0.0417,0.004,0.0053,0.0437,-0.3333
Idrissa Guèye,sn SEN,FW,19,132.0,Metz,Volume Shooter,False,False,False,0.0205,-0.1825,-0.5655,-0.0674,-0.0367
Bahereba Guirassy,fr FRA,"MF,FW",19,230.0,Nantes,Playmaker,False,False,False,0.0614,-0.1508,-0.0887,0.4043,0.1633
Santiago Hidalgo,ar ARG,FW,20,120.0,Toulouse,Playmaker,False,False,False,0.0454,-0.1825,-0.2421,0.3097,-0.24
Hamza Igamane,ma MAR,"FW,MF",22,115.0,Lille,Finisher,True,True,True,0.1279,1.6167,0.0782,0.9894,1.3367
George Ilenikhena,ng NGA,"FW,MF",19,144.0,Monaco,Finisher,True,True,False,0.0796,2.0151,-0.3791,0.208,0.76
Isak Jansson,se SWE,"MF,FW",23,263.0,Nice,Volume Shooter,False,False,False,0.0492,0.0595,-0.4619,0.1548,0.1933
Justin-Noël Kalumba,fr FRA,"FW,MF",20,224.0,Angers,Dribbler,False,False,False,0.0487,-0.127,0.1067,-0.1229,-0.3567
Adam Karabec,cz CZE,FW,22,413.0,Lyon,Dribbler,False,True,False,0.0729,0.2698,0.5444,0.4551,-0.1267
Dermane Karim,tg TOG,"MF,FW",21,392.0,Lorient,Playmaker,False,False,False,0.0546,-0.2937,-0.0231,0.6773,-0.26
Yassine Kechta,ma MAR,MF,23,403.0,Le Havre,Playmaker,False,False,False,0.0559,-0.1706,0.0782,0.2884,-0.0433
Arsène Kouassi,bf BFA,"DF,MF",21,560.0,Lorient,Dribbler,False,True,False,0.0863,-0.127,1.402,0.3794,0.0633
Rémy Labeau Lascary,gp GLP,"FW,MF",22,105.0,Brest,Finisher,True,True,True,0.1073,2.5405,-0.2617,0.9043,0.3667
Mayckel Lahdo,se SWE,"MF,FW",22,225.0,Nantes,Finisher,False,True,False,0.0698,1.5317,0.1803,-0.0674,-0.2233
Félix Lemaréchal,fr FRA,"MF,FW",22,444.0,Strasbourg,Volume Shooter,False,True,True,0.1125,-0.4087,0.9677,0.4823,1.1167
Johann Lepenant,fr FRA,MF,22,527.0,Nantes,Playmaker,False,False,False,0.0514,-0.1032,-0.0887,0.104,-0.15
Louis Leroux,fr FRA,"MF,DF",19,476.0,Nantes,Finisher,False,False,False,0.058,1.1262,-0.0463,-0.0674,-0.3
Tom Louchet,fr FRA,"DF,MF",22,308.0,Nice,Playmaker,False,False,False,0.0418,-0.1825,-0.3791,0.2494,-0.0033
Lanroy Machine,fr FRA,"FW,MF",19,106.0,Angers,Volume Shooter,False,False,False,0.0571,0.0476,-0.7009,-0.0118,1.49
Brian Madjo,lu LUX,FW,16,150.0,Metz,Volume Shooter,False,False,False,0.0253,-0.0556,-0.5655,-0.1229,0.11
Hamidou Makalou,ml MLI,"MF,FW",19,122.0,Brest,Volume Shooter,False,False,False,0.0225,-0.127,-0.6801,-0.1229,0.0033
Sekou Mara,fr FRA,FW,23,263.0,Auxerre,Volume Shooter,False,False,False,0.0497,-0.246,-0.3935,-0.0674,0.9233
Senny Mayulu,fr FRA,MF,19,171.0,Paris S-G,Playmaker,False,False,False,0.0401,-0.1825,-0.4372,0.1761,0.0367
Ibrahim Mbaye,fr FRA,FW,17,301.0,Paris S-G,Dribbler,False,True,False,0.078,-0.1746,0.8429,0.5993,-0.09
Pathé Mboup,sn SEN,"FW,MF",22,210.0,Brest,Dribbler,False,False,False,0.0465,-0.123,-0.0534,-0.0674,-0.06
Mohamed Meité,fr FRA,FW,17,144.0,Rennes,Volume Shooter,True,True,False,0.0844,0.8706,0.4626,0.0437,0.9667
Khalis Merah,fr FRA,"FW,MF",18,322.0,Lyon,Dribbler,False,False,False,0.0415,-0.2381,0.1511,-0.0236,-0.3033
Dayann Methalie,fr FRA,"MF,DF",19,444.0,Toulouse,Dribbler,False,False,False,0.0635,-0.0516,0.3874,0.1548,-0.22
Diego Moreira,be BEL,"DF,FW",21,442.0,Strasbourg,Playmaker,False,True,False,0.0743,-0.1587,0.4103,0.578,-0.22
Tyler Morton,eng ENG,MF,22,524.0,Lyon,Finisher,False,True,False,0.0802,1.0746,0.6228,0.1596,0.1833
Samir El Mourabet,ma MAR,MF,20,345.0,Strasbourg,Dribbler,False,False,False,0.0483,-0.2381,0.2111,0.0437,-0.1433
Louis Mouton,fr FRA,MF,23,294.0,Angers,Volume Shooter,False,False,False,0.0412,-0.3929,0.0053,-0.013,0.02
Ngal'Ayel Mukau,cd COD,"MF,FW",20,308.0,Lille,Finisher,False,False,False,0.0567,0.481,-0.2617,0.3771,0.0933
Joel Mvuka,no NOR,"DF,MF",22,252.0,Lorient,Playmaker,False,False,False,0.0543,-0.2381,0.1515,0.3771,-0.1333
Junior Mwanga,fr FRA,"DF,MF",22,180.0,Strasbourg,Playmaker,False,False,False,0.0388,-0.127,0.0053,0.0437,-0.3233
Junior Mwanga,fr FRA,"MF,DF",22,346.0,Nantes,Finisher,False,True,False,0.0806,2.5873,0.2111,-0.1229,-0.4033
Bilal Nadir,ma MAR,"MF,FW",21,175.0,Marseille,Playmaker,True,True,False,0.0814,-0.0913,-0.1158,1.4551,0.0233
Rassoul Ndiaye,sn SEN,MF,23,420.0,Le Havre,Finisher,False,True,False,0.0717,2.0032,0.0053,0.0071,0.08
Quentin Ndjantou Mbitcha,fr FRA,MF,18,119.0,Paris S-G,Dribbler,False,False,False,0.0531,-0.0476,0.2111,-0.0118,0.0133
João Neves,pt POR,MF,21,176.0,Paris S-G,Finisher,False,True,False,0.0683,2.869,-0.5342,0.0437,0.5333
Ibrahim Osman,gh GHA,"MF,FW",20,254.0,Auxerre,Playmaker,False,True,False,0.074,-0.0952,0.2522,0.5733,0.22
Abdoul Ouattara,fr FRA,"DF,MF",19,459.0,Strasbourg,Finisher,False,False,False,0.0665,1.4159,-0.2645,0.1702,-0.0967
Kendry Páez,ec ECU,"FW,MF",18,276.0,Strasbourg,Volume Shooter,False,True,False,0.0781,0.7397,-0.0937,0.266,0.77
Pablo Pagis,fr FRA,"FW,MF",22,178.0,Lorient,Finisher,True,True,True,0.1451,3.1976,0.1803,1.1241,0.69
Joaquín Panichelli,ar ARG,FW,23,531.0,Strasbourg,Finisher,False,True,False,0.0861,0.7675,-0.084,0.1596,0.4133
Prosper Peter,ng NGA,FW,18,435.0,Angers,Playmaker,False,False,False,0.059,0.1095,-0.2633,0.266,0.13
Fabian Rieder,ch SUI,MF,23,133.0,Rennes,Playmaker,False,False,False,0.0181,-0.127,-0.5655,-0.0674,-0.2633
Ibou Sané,sn SEN,"FW,MF",20,159.0,Metz,Playmaker,False,False,False,0.0384,0.0992,-0.3935,0.1548,-0.3
Mamadou Sangare,ml MLI,MF,23,477.0,Lens,Dribbler,False,True,False,0.0871,-0.1627,0.6919,0.3333,0.3233
Mario Sauer,sk SVK,MF,21,346.0,Toulouse,Dribbler,False,True,False,0.0768,-0.0794,0.8678,0.3026,-0.0567
Alpha Touré,sn SEN,"DF,MF",19,204.0,Metz,Dribbler,False,False,False,0.0406,-0.127,0.0782,-0.0674,-0.49
Robinio Vaz,fr FRA,FW,18,99.0,Marseille,Finisher,True,True,False,0.0983,1.6897,-0.1592,1.3558,0.42
Etienne Youte Kinkoue,fr FRA,"DF,MF",23,168.0,Le Havre,Playmaker,False,False,False,0.0129,-0.127,-0.1592,-0.1229,-0.49
Warren Zaïre-Emery,fr FRA,"MF,DF",19,481.0,Paris S-G,Dribbler,False,False,False,0.0597,-0.1071,0.592,0.1667,-0.3033
